1385963100,3401783 ,TCQR-BA.921 ,29140,Pass ,
1385963160,3401784 ,TCQR-BA.933 ,29140,Pass ,
1385963220,3401787 ,TCQR-BA.896 ,29140,Pass ,
1385963280,3401790 ,TCQR-BA.925 ,29140,Pass ,
1385964360,3401803 ,TCQR-BA.936 ,29140,Pass ,
1385964480,3401806 ,TCQR-BA.901 ,29140,Pass ,
1385968620,3401808 ,TCQR-BA.932 ,29140,Completed ,http://equality-eur.slb.com/MatsTest/test_fail_log_edit.cfm?action=view&test_taken_id=3401808
1385964660,3401810 ,TCQR-BA.906 ,29140,Pass ,
1385968560,3401812 ,TCQR-BA.935 ,29140,Completed ,http://equality-eur.slb.com/MatsTest/test_fail_log_edit.cfm?action=view&test_taken_id=3401812
1385964900,3401815 ,TCQR-BA.978 ,29140,Pass ,
1385964960,3401817 ,TCQR-BA.920 ,29140,Submitted ,http://equality-eur.slb.com/MatsTest/test_fail_log_edit.cfm?action=edit&test_taken_id=3401817
1385972040,3401979 ,MDC35-B.816 ,40460,Pass ,
1385972040,3401982 ,MDC35-B.817 ,40460,Pass ,
1385972040,3401983 ,MDC35-B.818 ,40460,Pass ,
1385972640,3402002 ,MDC35-B.819 ,40460,Pass ,
1385972640,3402004 ,MDC35-B.820 ,40460,Pass ,
1386037020,3404604 ,MZFM-B.729 ,39981,Pass ,
1386037020,3404605 ,MZFM-B.729 ,39982,Pass ,
1386037020,3404607 ,MZFM-B.729 ,39983,Pass ,
1386037020,3404613 ,MZFM-B.730 ,39981,Pass ,
1386037080,3404614 ,MZFM-B.730 ,39982,Pass ,
1386037080,3404617 ,MZFM-B.730 ,39983,Pass ,
1386037080,3404618 ,MZFM-B.731 ,39981,Pass ,
1386037080,3404620 ,MZFM-B.731 ,39982,Pass ,
1386037140,3404621 ,MZFM-B.731 ,39983,Pass ,
1386037140,3404622 ,MZFM-B.732 ,39981,Pass ,
1386037140,3404624 ,MZFM-B.732 ,39982,Pass ,
1386037140,3404627 ,MZFM-B.732 ,39983,Pass ,
1386155820,3409831 ,MZGM-B.768 ,39977,Pass ,
1386155820,3409835 ,MZGM-B.769 ,39977,Pass ,
1386155880,3409838 ,MZGM-B.770 ,39977,Pass ,
1386155880,3409841 ,MZGM-B.771 ,39977,Pass ,
1386155880,3409842 ,MZGM-B.773 ,39977,Pass ,
1386155940,3409843 ,MZGM-B.772 ,39977,Pass ,
1386156000,3409845 ,MZGM-B.774 ,39977,Pass ,
1386156000,3409846 ,MZGM-B.775 ,39977,Pass ,
1386156060,3409851 ,MZGM-B.776 ,39977,Pass ,
1386156120,3409852 ,MZGM-B.777 ,39977,Pass ,
1386156120,3409853 ,MZGM-B.778 ,39977,Pass ,
1386156120,3409855 ,MZGM-B.779 ,39977,Pass ,
1386156180,3409858 ,MZGM-B.768 ,39978,Pass ,
1386156240,3409860 ,MZGM-B.768 ,39978,Pass ,
1386156300,3409861 ,MZGM-B.769 ,39978,Pass ,
1386156300,3409863 ,MZGM-B.770 ,39978,Pass ,
1386156420,3409867 ,MZGM-B.771 ,39978,Pass ,
1386156420,3409870 ,MZGM-B.772 ,39978,Pass ,
1386156480,3409873 ,MZGM-B.773 ,39978,Pass ,
1386156480,3409874 ,MZGM-B.774 ,39978,Pass ,
1386156540,3409877 ,MZGM-B.775 ,39978,Pass ,
1386156540,3409878 ,MZGM-B.776 ,39978,Pass ,
1385963100,0000000 ,AAAA-AA.921 ,29140,Aaaa ,
1385963160,3401784 ,TCQR-BA.933 ,29140,Pass ,
1385963220,3401787 ,TCQR-BA.896 ,29140,Pass ,
1385963280,3401790 ,TCQR-BA.925 ,29140,Pass ,
1385964360,3401803 ,TCQR-BA.936 ,29140,Pass ,
1385964480,3401806 ,TCQR-BA.901 ,29140,Pass ,
1385968620,3401808 ,TCQR-BA.932 ,29140,Completed ,http://equality-eur.slb.com/MatsTest/test_fail_log_edit.cfm?action=view&test_taken_id=3401808
1385964660,3401810 ,TCQR-BA.906 ,29140,Pass ,
1385968560,3401812 ,TCQR-BA.935 ,29140,Completed ,http://equality-eur.slb.com/MatsTest/test_fail_log_edit.cfm?action=view&test_taken_id=3401812
1385964900,3401815 ,TCQR-BA.978 ,29140,Pass ,
1385964960,3401817 ,TCQR-BA.920 ,29140,Submitted ,http://equality-eur.slb.com/MatsTest/test_fail_log_edit.cfm?action=edit&test_taken_id=3401817
1385972040,3401979 ,MDC35-B.816 ,40460,Pass ,
1385972040,3401982 ,MDC35-B.817 ,40460,Pass ,
1385972040,3401983 ,MDC35-B.818 ,40460,Pass ,
1385972640,3402002 ,MDC35-B.819 ,40460,Pass ,
1385972640,3402004 ,MDC35-B.820 ,40460,Pass ,
1386037020,3404604 ,MZFM-B.729 ,39981,Pass ,
1386037020,3404605 ,MZFM-B.729 ,39982,Pass ,
1386037020,3404607 ,MZFM-B.729 ,39983,Pass ,
1386037020,3404613 ,MZFM-B.730 ,39981,Pass ,
1386037080,3404614 ,MZFM-B.730 ,39982,Pass ,
1386037080,3404617 ,MZFM-B.730 ,39983,Pass ,
1386037080,3404618 ,MZFM-B.731 ,39981,Pass ,
1386037080,3404620 ,MZFM-B.731 ,39982,Pass ,
1386037140,3404621 ,MZFM-B.731 ,39983,Pass ,
1386037140,3404622 ,MZFM-B.732 ,39981,Pass ,
1386037140,3404624 ,MZFM-B.732 ,39982,Pass ,
1386037140,3404627 ,MZFM-B.732 ,39983,Pass ,
1386155820,3409831 ,MZGM-B.768 ,39977,Pass ,
1386155820,3409835 ,MZGM-B.769 ,39977,Pass ,
1386155880,3409838 ,MZGM-B.770 ,39977,Pass ,
1386155880,3409841 ,MZGM-B.771 ,39977,Pass ,
1386155880,3409842 ,MZGM-B.773 ,39977,Pass ,
1386155940,3409843 ,MZGM-B.772 ,39977,Pass ,
1386156000,3409845 ,MZGM-B.774 ,39977,Pass ,
1386156000,3409846 ,MZGM-B.775 ,39977,Pass ,
1386156060,3409851 ,MZGM-B.776 ,39977,Pass ,
1386156120,3409852 ,MZGM-B.777 ,39977,Pass ,
1386156120,3409853 ,MZGM-B.778 ,39977,Pass ,
1386156120,3409855 ,MZGM-B.779 ,39977,Pass ,
1386156180,3409858 ,MZGM-B.768 ,39978,Pass ,
1386156240,3409860 ,MZGM-B.768 ,39978,Pass ,
1386156300,3409861 ,MZGM-B.769 ,39978,Pass ,
1386156300,3409863 ,MZGM-B.770 ,39978,Pass ,
1386156420,3409867 ,MZGM-B.771 ,39978,Pass ,
1386156420,3409870 ,MZGM-B.772 ,39978,Pass ,
1386156480,3409873 ,MZGM-B.773 ,39978,Pass ,
1386156480,3409874 ,MZGM-B.774 ,39978,Pass ,
1386156540,3409877 ,MZGM-B.775 ,39978,Pass ,
1386156540,3409878 ,MZGM-B.776 ,39978,Pass ,
